<?xml version="1.0" encoding="UTF-8" ?>
<!DOCTYPE mapper
PUBLIC "-//mybatis.org//DTD Mapper 3.0//EN"
"http://mybatis.org/dtd/mybatis-3-mapper.dtd">
	<mapper namespace="team1.togather.mapper.GatheringMapper">
		<select id="ga_selectAll" resultType="Gathering">
			select * from GATHERING order by GA_SEQ desc
		</select>
		<select id="ga_selectByGaSeq" resultType="Gathering" parameterType="long">
			select * from GATHERING where GA_SEQ=#{GA_SEQ}
		</select>
		<insert id="ga_insert" parameterType="Gathering">
			insert into GATHERING values(GATHERING_SEQ.nextval, #{ga_name}, SYSDATE, #{time}, #{ga_place}, #{price}, #{ga_limit}, 1, 1)
		</insert>
		<update id="ga_update" parameterType="Gathering">
			update GATHERING set GA_NAME=#{ga_name}, TIME=#{time} GA_PLACE=#{ga_place}, PRICE=#{price}, GA_LIMIT=#{ga_limit} where GA_SEQ=#{ga_seq}
		</update>
		<delete id="ga_delete" parameterType="long">
			delete from GATHERING where ga_seq=#{ga_seq}
		</delete>
	</mapper>