<?xml version="1.0" encoding="UTF-8" ?>
<!DOCTYPE mapper
PUBLIC "-//mybatis.org//DTD Mapper 3.0//EN"
"http://mybatis.org/dtd/mybatis-3-mapper.dtd">
	<mapper namespace="team1.togather.mapper.GroupTabMapper">
		<select id="selectAll" resultType="GroupTab">
			select * from GROUPTAB order by GSEQ desc
		</select>
		<select id="selectByGSeq" resultType="GroupTab" parameterType="long">
			select * from GROUPTAB where GSEQ=#{gseq}
		</select>
		<insert id="insert" parameterType="GroupTab">
			insert into GROUPTAB values(GROUPTAB_SEQ.nextval, #{gloc}, #{gname}, #{gintro}, #{interest}, #{limit}, SYSDATE, 1, #{fname}) <!-- 1 을 mnum으로 수정해야함 -->
		</insert>
		<update id="update" parameterType="GroupTab">
			update GROUPTAB set GLOC=#{gloc}, GNAME=#{gname}, GINTRO=#{gintro}, LIMIT=#{limit} WHERE GSEQ=#{gseq}
		</update>
		<delete id="delete" parameterType="long">
			delete from GROUPTAB where GSEQ=#{gseq}
		</delete>
	</mapper>