<?xml version="1.0" encoding="UTF-8" ?>
<!DOCTYPE mapper
  PUBLIC "-//mybatis.org//DTD Mapper 3.0//EN"
  "http://mybatis.org/dtd/mybatis-3-mapper.dtd">
<mapper namespace="team1.togather.mapper.MemberMapper">
	
	<select id="joincheck" resultType="int" parameterType="String">
		select count(*) from member where phone =#{phone}
	</select>
	
	<select id="joincheck2" resultType="int" parameterType="String">
		select count(*) from member where email =#{email}
	</select>
	
	<select id="logincheck"  resultType="Member" parameterType="String">
		select * from member where phone =#{phone} 
	</select>
	
	<select id="kakaologincheck"  resultType="int" parameterType="String">
		select count(*) from member where email =#{email} 
	</select>
	
	<select id="kakaologin"  resultType="Member" parameterType="String">
		select * from member where email =#{email} 
	</select>
	
	<insert id="join" parameterType="String" >
	     insert into MEMBER values(
	     MEMBER_SEQ.nextval,#{maddr}, #{pfr_loc},#{mname},
	     #{gender},#{birth},#{pwd},#{email},#{phone},#{category},default)
	</insert>
</mapper>

