<?xml version="1.0" encoding="UTF-8" ?>
<!DOCTYPE mapper
  PUBLIC "-//mybatis.org//DTD Mapper 3.0//EN"
  "http://mybatis.org/dtd/mybatis-3-mapper.dtd">
<mapper namespace="soo.md.mapper.BoardMapper">
	<select id="selectPerPage" resultType="Board" parameterType="BoardVo">
	     <![CDATA[
	     select * from (select ROWNUM rnum, aa.* from (select * from BOARD order by SEQ desc) aa)
	     where rnum>#{startRow} and rnum<=#{endRow}
	     ]]>
	</select>
	<select id="selectBySeq" resultType="Board" parameterType="long">
	     select * from BOARD where SEQ=#{seq} 
	</select>
	<select id="selectCount" resultType="long">
	     select max(ROWNUM) from BOARD
	</select>
	
	<insert id="insert" parameterType="Board">
	    insert into BOARD values(BOARD_SEQ.nextval, #{writer}, #{email}, #{subject}, #{content}, SYSDATE)
	</insert>
	<update id="update" parameterType="Board">
        update BOARD set EMAIL=#{email}, SUBJECT=#{subject}, CONTENT=#{content} where SEQ=#{seq}
	</update>
	<delete id="delete" parameterType="long">
	    delete from BOARD where SEQ=#{seq}
	</delete>
</mapper>