<?xml version="1.0" encoding="UTF-8"?>
<!DOCTYPE configuration
  PUBLIC "-//mybatis.org//DTD Config 3.0//EN"
  "http://mybatis.org/dtd/mybatis-3-config.dtd">
<configuration>
   <typeAliases>
      <typeAlias alias="Gathering" type="team1.togather.service.GatheringService"/>
      <typeAlias alias="GroupTab" type="team1.togather.service.GroupTabService"/>
      <typeAlias alias="Member" type="team1.togather.service.MemberService"/>
      
   </typeAliases>
   <!-- 
   <mappers>
        <mapper resource="dan/md/mapper/AddressMapper.xml"/>
        <mapper resource="dan/md/mapper/BoardMapper.xml"/>
        <mapper resource="dan/md/mapper/AddressAjaxMapper.xml"/>
   </mappers>
	생략가능 (저절로 읽어들임)-->
</configuration>